Phase,Duration (s),Fuel Flow (kg/s),Fuel Burned (kg),HC emissions (g),NOx emissions (g),CO emissions (g)
Taxi,300.0,1.14,341.99999999999994,34.199999999999996,6292.799999999998,478.7999999999999
Take-Off,30.0,0.95,28.5,5.7,387.59999999999997,102.60000000000001
Climb Out,900.0,0.65,585.0,117.0,7897.5,585.0
Cruise,3600.0,0.34,1224.0,6487.2,7956.0,35618.4
Approach,1200.0,0.12,144.0,518.4,561.6,5774.400000000001
Total,6030.0,,2323.5,7162.499999999999,23095.499999999996,42559.200000000004
